<application>
  <component name="FeatureSuggesterSettings">
    <option name="workingDays">
      <list>
        <option value="1657507893533" />
        <option value="1657589922251" />
        <option value="1657676719189" />
        <option value="1657762745798" />
        <option value="1657848708670" />
        <option value="1658107928719" />
        <option value="1658193911189" />
        <option value="1658280831624" />
        <option value="1658367969876" />
        <option value="1658469320342" />
        <option value="1658540292063" />
        <option value="1658712880177" />
        <option value="1658799642217" />
        <option value="1658886204169" />
        <option value="1659059069276" />
        <option value="1659317955086" />
        <option value="1659405163858" />
        <option value="1659491184128" />
        <option value="1659581809593" />
      </list>
    </option>
  </component>
</application>